"0","df1_categorized <- df1 %>%"
"0","  mutate(Category = ifelse(Publisher %in% top_5_publisher_names, ""filtered"", ""not-filtered""))"
"0",""
"0","my_hist_theme <- theme("
"0","  axis.text.x = element_text(angle = 90, hjust = 1),"
"0","  axis.ticks = element_blank(), "
"0","  plot.title = element_text(hjust = 0.5)"
"0",")"
"0","hist_genre_top_5 <- ggplot(data = top_5_pc_publishers, mapping = aes(x = Genre)) + geom_histogram(stat = ""count"") + my_hist_theme "
"0","hist_genre_total <- ggplot(data = df1, mapping = aes(x = Genre)) + geom_histogram(stat = ""count"") + my_hist_theme"
"0","grid.arrange(hist_genre_top_5, hist_genre_total, ncol = 2, top=textGrob(""Histogram of Filtered and Not-Filtered Datasets"")) "
