{"chunk_definitions":[{"row":13,"row_count":1,"visible":true,"expansion_state":0,"options":{"engine":"r","echo":false,"label":"unnamed-chunk-77"},"document_id":"1EF2378C","chunk_id":"c62qjya4vwjvd","chunk_label":"unnamed-chunk-1"},{"row":41,"row_count":1,"visible":true,"expansion_state":0,"options":{"engine":"r","warning":false,"label":"unnamed-chunk-96"},"document_id":"1EF2378C","chunk_id":"c1rrsbxkwdsyk","chunk_label":"unnamed-chunk-3"},{"row":45,"row_count":1,"visible":true,"expansion_state":0,"options":{"engine":"r","message":false,"warning":false,"label":"unnamed-chunk-131"},"document_id":"1EF2378C","chunk_id":"crxqj1qstmafz","chunk_label":"unnamed-chunk-4"},{"row":65,"row_count":1,"visible":true,"expansion_state":0,"options":{"engine":"r","label":"unnamed-chunk-145"},"document_id":"1EF2378C","chunk_id":"chzbgubi1eusy","chunk_label":"unnamed-chunk-6"}],"doc_write_time":1698615761}