{"chunk_definitions":[{"row":9,"row_count":1,"visible":true,"expansion_state":0,"options":{"engine":"r","label":"unnamed-chunk-1"},"document_id":"1662BCDC","chunk_id":"c9vjh1bunbto8","chunk_label":"unnamed-chunk-1"},{"row":73,"row_count":1,"visible":true,"expansion_state":0,"options":{"engine":"python","label":"unnamed-chunk-8"},"document_id":"1662BCDC","chunk_id":"cduvpyfxw70mt","chunk_label":"unnamed-chunk-2"},{"row":89,"row_count":1,"visible":true,"expansion_state":0,"options":{"engine":"r","label":"unnamed-chunk-41"},"document_id":"1662BCDC","chunk_id":"c1it0x01pnhc0","chunk_label":"unnamed-chunk-3"}],"doc_write_time":1696779424,"chunk_rendered_width":700}