"0",""
"0","import os"
"0","import numpy as np"
"0","import pandas as pd"
"0","import matplotlib.pyplot as plt "
"0","import matplotlib.ticker as ticker"
"0",""
"0","symbol_to_name_mapping = pd.read_csv(""StockIT/Technology Sector List.csv"")"
"0","symbol_to_name = dict(zip(symbol_to_name_mapping['Symbol'], symbol_to_name_mapping['Name']))"
"0","list_of_companies = [""AAPL"", ""MSFT"", ""NVDA"", ""ADBE""]"
"0",""
"0","# Creating dictionary where key = symbol of company name, value = dataset for corresponding company info"
"0","company_data = dict()"
"0","for i in list_of_companies:"
"0","  company_data[i] = pd.read_csv(f""StockIT/Technology Companies/{i}.csv"")"
"0",""
"0","# Bringing Volume to log10 base"
"0","for i in company_data:"
"0","  company_data[i][""Volume_log_scale""] = company_data[i][""Volume""].apply(lambda x: "
"0","    (np.log(x)))"
"0","  "
"0","  company_data[i] = company_data[i].dropna()"
"0",""
"0","company_data[""AAPL""].isna().sum()"
"1","Date                0
High                0
Low                 0
Open                0
Close               0
Volume              0
Adj Close           0
Volume_log_scale    0
dtype: int64
"
"0","# dictionary where for list_of_companies and corresponding company name"
"0","company_labels = dict()"
"0","for i in list_of_companies:"
"0","  company_labels[i] = symbol_to_name[i]"
"0","  "
"0",""
"0","fig1 = plt.figure()"
"0","ax = fig1.add_subplot(111)"
"0",""
"0","bp = ax.boxplot([company_data[""AAPL""][""Volume_log_scale""], company_data[""MSFT""][""Volume_log_scale""],  company_data[""NVDA""][""Volume_log_scale""], company_data[""ADBE""][""Volume_log_scale""]], labels = [company_labels[""AAPL""], company_labels[""MSFT""], company_labels[""NVDA""], company_labels[""ADBE""]], patch_artist = True, notch ='True', vert=False)"
"0",""
"0","colors = ['#0000FF', '#00FF00', "
"0","          '#FFFF00', '#FF00FF']"
"0",""
"0","for patch, color, median in zip(bp['boxes'], colors, bp['medians']):"
"0","    patch.set_facecolor(color)"
"0","    median.set(color = ""red"", linewidth = 2)"
"0",""
"1","[None, None]
[None, None]
[None, None]
[None, None]
"
"0","for w, c in zip(bp[""whiskers""], bp[""caps""]):"
"0","  w.set(color = '#8B008B', linewidth = 1.5, linestyle ="":"")"
"0","  c.set(color ='#8B008B', linewidth = 3)"
"0",""
"1","[None, None, None]
[None, None]
[None, None, None]
[None, None]
[None, None, None]
[None, None]
[None, None, None]
[None, None]
[None, None, None]
[None, None]
[None, None, None]
[None, None]
[None, None, None]
[None, None]
[None, None, None]
[None, None]
"
"0","markers = [""X"", ""P"", ""^"", ""s""]"
"0",""
"0","for flier, m, c in zip(bp['fliers'], markers, colors):"
"0","    flier.set(marker = m, alpha = 0.7, markerfacecolor = c, markeredgecolor=""red"")"
"0","              "
"0","plt.xticks(fontsize=9)"
"1","[None, None, None, None]
[None, None, None, None]
[None, None, None, None]
[None, None, None, None]
(array([12., 14., 16., 18., 20., 22., 24.]), [Text(12.0, 0, '12'), Text(14.0, 0, '14'), Text(16.0, 0, '16'), Text(18.0, 0, '18'), Text(20.0, 0, '20'), Text(22.0, 0, '22'), Text(24.0, 0, '24')])
"
"0","plt.ylabel(size = 10)"
"2","Traceback (most recent call last):
  File ""<string>"", line 1, in <module>
TypeError: ylabel() missing 1 required positional argument: 'ylabel'
"
"0","plt.xlabel(""Volume (log scale)"", size = 10)"
"1","Text(0.5, 0, 'Volume (log scale)')
"
"0","plt.title(""Volume Distribution for Technology Companies"", size = 10)"
"1","Text(0.5, 1.0, 'Volume Distribution for Technology Companies')
"
"0","plt.tight_layout()"
"0","plt.show()"
"0",""
