"0",""
"0","df1_PS2 <- df1 %>% filter(Platform == ""PS2"") %>% group_by(Genre) %>% summarise(genre_count = n()) %>% ungroup() %>% arrange(desc(genre_count))"
"0",""
"0","df1_genre_grouped <- df1_PC %>% group_by(Genre) %>% summarise(genre_count = n()) %>% ungroup() %>% arrange(desc(genre_count))"
"0",""
"0","top5_genre_pc <- df1_genre_grouped[1:5, ]"
"0","top5_genre_ps2 <- df1_PS2[1:5, ]"
"0","pc_pie <- ggplot(data = top5_genre_pc, aes(x = """", y = genre_count, fill = Genre)) + geom_col() + coord_polar(theta = 'y') + labs(title = ""Pie Chart of Top 5 Genres - PC"")"
"0","ps2_pie <- ggplot(data = top5_genre_ps2, aes(x = """", y = genre_count, fill = Genre)) + geom_col() + coord_polar(theta = 'y') + labs(title = ""Pie Chart of Top 5 Genres - PS2"")"
"0","pc_pie"
